[{"_id":{"$oid":"66c79463de3d977d042710bd"},"title":"The Dark Knight","description":"When the menace known as The Joker emerges from his mysterious past, he wreaks havoc and chaos on the people of Gotham.","genre":{"name":"Action","description":"Action movies are characterized by a lot of excitement, physical feats, and fast pacing."},"director":{"name":"Christopher Nolan","bio":"Updated bio for Christopher Nolan.","birthYear":1970},"imageURL":"https://example.com/thedarkknight.jpg","isFeatured":true},{"_id":{"$oid":"66c79463de3d977d042710be"},"title":"Interstellar","description":"A team of explorers travel through a wormhole in space in an attempt to ensure humanity's survival.","genre":{"name":"Sci-Fi","description":"Science fiction movies often explore futuristic concepts, advanced technology, and otherworldly scenarios."},"director":{"name":"Christopher Nolan","bio":"Updated bio for Christopher Nolan.","birthYear":1970},"imageURL":"https://example.com/interstellar.jpg","isFeatured":false},{"_id":{"$oid":"66c79463de3d977d042710bf"},"title":"The Matrix","description":"A computer hacker learns from mysterious rebels about the true nature of his reality and his role in the war against its controllers.","genre":{"name":"Sci-Fi","description":"Science fiction movies often explore futuristic concepts, advanced technology, and otherworldly scenarios."},"director":{"name":"Lana Wachowski & Lilly Wachowski","bio":"The Wachowskis are American film and TV directors, writers, and producers, known for the Matrix trilogy.","birthYear":1965},"imageURL":"https://example.com/thematrix.jpg","isFeatured":true},{"_id":{"$oid":"66c79463de3d977d042710c1"},"title":"Kill Bill: Vol. 1","description":"A former assassin, known simply as The Bride, wakes from a coma and vows revenge on the team of assassins who betrayed her.","genre":{"name":"Action","description":"Action movies are characterized by a lot of excitement, physical feats, and fast pacing."},"director":{"name":"Quentin Tarantino","bio":"Quentin Jerome Tarantino is an American filmmaker, screenwriter, and actor known for his stylistic movies.","birthYear":1963},"imageURL":"https://example.com/killbill1.jpg","isFeatured":false},{"_id":{"$oid":"66c79463de3d977d042710c2"},"title":"The Shawshank Redemption","description":"Two imprisoned men bond over a number of years, finding solace and eventual redemption through acts of common decency.","genre":{"name":"Drama","description":"Drama films focus on emotional development and often deal with serious themes."},"director":{"name":"Frank Darabont","bio":"Frank Darabont is a French-American film director, screenwriter, and producer.","birthYear":1959},"imageURL":"https://example.com/shawshank.jpg","isFeatured":true},{"_id":{"$oid":"66c79463de3d977d042710c3"},"title":"The Godfather","description":"The aging patriarch of an organized crime dynasty transfers control of his clandestine empire to his reluctant son.","genre":{"name":"Crime","description":"Crime movies focus on the lives of criminals and the criminal justice system."},"director":{"name":"Francis Ford Coppola","bio":"Francis Ford Coppola is an American film director, producer, and screenwriter.","birthYear":1939},"imageURL":"https://example.com/godfather.jpg","isFeatured":false},{"_id":{"$oid":"66c79463de3d977d042710c4"},"title":"Schindler's List","description":"In German-occupied Poland during World War II, Oskar Schindler gradually becomes concerned for his Jewish workforce after witnessing their persecution by the Nazis.","genre":{"name":"Historical Drama","description":"Historical drama movies are set in a historical period and often based on real events."},"director":{"name":"Steven Spielberg","bio":"Steven Allan Spielberg is an American film director, producer, and screenwriter.","birthYear":1946},"imageURL":"https://example.com/schindler.jpg","isFeatured":true},{"_id":{"$oid":"66c79463de3d977d042710c5"},"title":"Jurassic Park","description":"A pragmatic paleontologist visiting an almost complete theme park is tasked with protecting a couple of kids after a power failure causes the park's cloned dinosaurs to run loose.","genre":{"name":"Adventure","description":"Adventure movies are characterized by exciting and often hazardous experiences."},"director":{"name":"Steven Spielberg","bio":"Steven Allan Spielberg is an American film director, producer, and screenwriter.","birthYear":1946},"imageURL":"https://example.com/jurassicpark.jpg","isFeatured":false},{"_id":{"$oid":"66c79658a1a367424f2710bd"},"title":"Inception","description":"A new and updated description of Inception.","genre":{"name":"Sci-Fi","description":"Science fiction movies often explore futuristic concepts, advanced technology, and otherworldly scenarios."},"director":{"name":"Christopher Nolan","bio":"Updated bio for Christopher Nolan.","birthYear":1970},"imageURL":"https://example.com/inception.jpg","isFeatured":true},{"_id":{"$oid":"66c79658a1a367424f2710c1"},"title":"Pulp Fiction","description":"The lives of two mob hitmen, a boxer, a gangster's wife, and a pair of diner bandits intertwine in four tales of violence and redemption.","genre":{"name":"Crime","description":"Crime movies focus on the lives of criminals and the criminal justice system."},"director":{"name":"Quentin Tarantino","bio":"Quentin Jerome Tarantino is an American filmmaker, screenwriter, and actor known for his stylistic movies.","birthYear":1963},"imageURL":"https://example.com/pulpfiction.jpg","isFeatured":true}]
